<?xml version="1.0" encoding="utf-8" ?><dwsync><file name="jquery-ui-1.9.2.custom.min.js" server="homepages.vodafone.co.nz//public_html/" local="3441084518" remote="12031564352" /><file name="jquery-ui-1.9.2.custom.js" server="homepages.vodafone.co.nz//public_html/" local="3441084518" remote="12031564352" /><file name="jquery-1.8.3.js" server="homepages.vodafone.co.nz//public_html/" local="3441084518" remote="12031564352" /><file name="exercisemodule_hype_generated_script.js" server="homepages.vodafone.co.nz//public_html/" local="3441735407" remote="12031623272" /><file name="HYPE.js" server="homepages.vodafone.co.nz//public_html/" local="3441735407" remote="12031623272" /><file name="PIE.htc" server="homepages.vodafone.co.nz//public_html/" local="3438156172" remote="12031623272" /><file name="portersFive_BPGreen.png" server="homepages.vodafone.co.nz//public_html/" local="3441091457" remote="12031623272" /><file name="portersFive_BPGrey.png" server="homepages.vodafone.co.nz//public_html/" local="3441091457" remote="12031623272" /><file name="portersFive_BPRed.png" server="homepages.vodafone.co.nz//public_html/" local="3441091457" remote="12031623272" /><file name="portersFive_RAECGreen.png" server="homepages.vodafone.co.nz//public_html/" local="3441091457" remote="12031623272" /><file name="portersFive_RAECGrey.png" server="homepages.vodafone.co.nz//public_html/" local="3441091457" remote="12031623272" /><file name="portersFive_RAECRed.png" server="homepages.vodafone.co.nz//public_html/" local="3441091457" remote="12031623272" /><file name="portersFive_SPGreen.png" server="homepages.vodafone.co.nz//public_html/" local="3441091457" remote="12031623272" /><file name="portersFive_SPGrey.png" server="homepages.vodafone.co.nz//public_html/" local="3441091457" remote="12031623272" /><file name="portersFive_SPRed.png" server="homepages.vodafone.co.nz//public_html/" local="3441091457" remote="12031623272" /><file name="portersFive_THNEGreen.png" server="homepages.vodafone.co.nz//public_html/" local="3441091457" remote="12031623272" /><file name="portersFive_THNEGrey.png" server="homepages.vodafone.co.nz//public_html/" local="3441091457" remote="12031623272" /><file name="portersFive_THNERed.png" server="homepages.vodafone.co.nz//public_html/" local="3441091458" remote="12031623272" /><file name="portersFive_THSGreen.png" server="homepages.vodafone.co.nz//public_html/" local="3441091458" remote="12031623272" /><file name="portersFive_THSGrey.png" server="homepages.vodafone.co.nz//public_html/" local="3441091458" remote="12031623272" /><file name="portersFive_THSRed.png" server="homepages.vodafone.co.nz//public_html/" local="3441091458" remote="12031623272" /><file name="strategy_quadrant_bg.png" server="homepages.vodafone.co.nz//public_html/" local="3441084518" remote="12031623272" /><file name="strategy_quadrant_clsh-1.png" server="homepages.vodafone.co.nz//public_html/" local="3441084518" remote="12031623272" /><file name="strategy_quadrant_diff-1.png" server="homepages.vodafone.co.nz//public_html/" local="3441084518" remote="12031623272" /><file name="strategy_quadrant_fhco-1.png" server="homepages.vodafone.co.nz//public_html/" local="3441084518" remote="12031623272" /><file name="strategy_quadrant_flco-1.png" server="homepages.vodafone.co.nz//public_html/" local="3441084518" remote="12031623272" /></dwsync>