<?xml version="1.0" encoding="utf-8" ?><dwsync><file name="BPGreen.png" server="homepages.vodafone.co.nz//public_html/" local="3432084327" remote="12031564352" /><file name="BPGrey.png" server="homepages.vodafone.co.nz//public_html/" local="3432084327" remote="12031564352" /><file name="BPRed.png" server="homepages.vodafone.co.nz//public_html/" local="3432084327" remote="12031564352" /><file name="exercise_140.gif" server="homepages.vodafone.co.nz//public_html/" local="3438848426" remote="12031564352" /><file name="info.png" server="homepages.vodafone.co.nz//public_html/" local="3432087161" remote="12031564352" /><file name="porters_five_icon.png" server="homepages.vodafone.co.nz//public_html/" local="3441187061" remote="12031564352" /><file name="RAECGreen.png" server="homepages.vodafone.co.nz//public_html/" local="3432084383" remote="12031564352" /><file name="RAECGrey.png" server="homepages.vodafone.co.nz//public_html/" local="3432084383" remote="12031564352" /><file name="RAECRed.png" server="homepages.vodafone.co.nz//public_html/" local="3432084383" remote="12031564352" /><file name="SPGreen.png" server="homepages.vodafone.co.nz//public_html/" local="3432084402" remote="12031564352" /><file name="SPGrey.png" server="homepages.vodafone.co.nz//public_html/" local="3432084402" remote="12031564352" /><file name="SPRed.png" server="homepages.vodafone.co.nz//public_html/" local="3432084402" remote="12031564352" /><file name="strategy_quadrant_bg.png" server="homepages.vodafone.co.nz//public_html/" local="3440425568" remote="12031564352" /><file name="strategy_quadrant_clsh.png" server="homepages.vodafone.co.nz//public_html/" local="3440425818" remote="12031564352" /><file name="strategy_quadrant_diff.png" server="homepages.vodafone.co.nz//public_html/" local="3440425818" remote="12031564352" /><file name="strategy_quadrant_fhco.png" server="homepages.vodafone.co.nz//public_html/" local="3440425818" remote="12031564352" /><file name="strategy_quadrant_flco.png" server="homepages.vodafone.co.nz//public_html/" local="3440425818" remote="12031564352" /><file name="strategy_quadrant_icon.png" server="homepages.vodafone.co.nz//public_html/" local="3440403548" remote="12031564352" /><file name="THNEGreen.png" server="homepages.vodafone.co.nz//public_html/" local="3432084415" remote="12031564352" /><file name="THNEGrey.png" server="homepages.vodafone.co.nz//public_html/" local="3432084415" remote="12031564352" /><file name="THNERed.png" server="homepages.vodafone.co.nz//public_html/" local="3432084415" remote="12031564352" /><file name="THSGreen.png" server="homepages.vodafone.co.nz//public_html/" local="3432084431" remote="12031564352" /><file name="THSGrey.png" server="homepages.vodafone.co.nz//public_html/" local="3432084431" remote="12031564352" /><file name="THSRed.png" server="homepages.vodafone.co.nz//public_html/" local="3432084431" remote="12031564352" /><file name="value_chain_icon.png" server="homepages.vodafone.co.nz//public_html/" local="3441187077" remote="12031564352" /></dwsync>